sample_id,dataset,baseline_relevance,baseline_coherence,baseline_naturalness,baseline_avg,finetuned_relevance,finetuned_coherence,finetuned_naturalness,finetuned_avg,zeroshot_relevance,zeroshot_coherence,zeroshot_naturalness,zeroshot_avg,fewshot_relevance,fewshot_coherence,fewshot_naturalness,fewshot_avg,winner,timestamp
sample_353,GEM/schema_guided_dialog,5,5,5,5.00,5,5,5,5.00,5,5,5,5.00,5,5,5,5.00,tie,2026-02-04T17:31:44.532Z
sample_77,GEM/schema_guided_dialog,5,5,5,5.00,5,5,5,5.00,5,5,5,5.00,5,5,5,5.00,tie,2026-02-04T17:32:19.019Z
sample_274,allenai/WildChat-1M,5,5,5,5.00,1,3,3,2.33,5,5,5,5.00,5,5,5,5.00,tie,2026-02-04T17:33:04.519Z
sample_348,allenai/WildChat-1M,5,5,5,5.00,3,5,3,3.67,4,5,5,4.67,4,5,5,4.67,baseline,2026-02-04T17:34:03.494Z
sample_248,allenai/WildChat-1M,4,4,3,3.67,5,5,4,4.67,4,5,3,4.00,4,4,3,3.67,finetuned,2026-02-04T17:35:18.481Z
sample_213,GEM/schema_guided_dialog,5,5,5,5.00,5,5,4,4.67,5,5,4,4.67,5,5,4,4.67,baseline,2026-02-04T17:36:15.006Z
sample_295,GEM/schema_guided_dialog,4,4,5,4.33,5,5,5,5.00,4,3,5,4.00,5,5,5,5.00,tie,2026-02-04T17:36:47.385Z
sample_22,allenai/WildChat-1M,5,4,4,4.33,5,5,5,5.00,5,5,5,5.00,5,5,5,5.00,tie,2026-02-04T17:37:23.573Z
sample_67,GEM/schema_guided_dialog,4,4,4,4.00,5,5,5,5.00,5,5,5,5.00,5,5,5,5.00,tie,2026-02-04T17:38:09.409Z
sample_336,allenai/WildChat-1M,5,5,5,5.00,4,4,5,4.33,5,5,5,5.00,5,5,5,5.00,tie,2026-02-04T17:39:03.075Z
sample_45,GEM/schema_guided_dialog,5,5,5,5.00,5,5,5,5.00,5,5,5,5.00,5,5,5,5.00,tie,2026-02-04T17:39:39.979Z
sample_398,allenai/WildChat-1M,5,5,5,5.00,5,5,5,5.00,5,5,5,5.00,5,5,5,5.00,tie,2026-02-04T17:40:27.742Z
sample_299,GEM/schema_guided_dialog,4,5,5,4.67,4,5,5,4.67,4,5,5,4.67,5,5,5,5.00,prompt_fewshot,2026-02-04T17:40:55.846Z
sample_173,GEM/schema_guided_dialog,1,1,2,1.33,5,5,5,5.00,5,5,5,5.00,5,5,5,5.00,tie,2026-02-04T17:41:27.642Z
sample_138,allenai/WildChat-1M,5,5,5,5.00,4,4,4,4.00,5,5,5,5.00,5,5,5,5.00,tie,2026-02-04T17:42:13.450Z
sample_365,GEM/schema_guided_dialog,4,5,4,4.33,5,5,5,5.00,5,5,5,5.00,5,5,5,5.00,tie,2026-02-04T17:42:38.041Z
sample_26,allenai/WildChat-1M,5,5,5,5.00,5,5,5,5.00,5,5,5,5.00,5,5,5,5.00,tie,2026-02-04T17:43:13.591Z
sample_342,allenai/WildChat-1M,5,5,5,5.00,4,5,5,4.67,4,5,5,4.67,4,4,5,4.33,baseline,2026-02-04T17:44:21.458Z
sample_191,GEM/schema_guided_dialog,5,5,5,5.00,4,5,5,4.67,5,5,5,5.00,5,5,5,5.00,tie,2026-02-04T17:44:54.524Z
sample_301,GEM/schema_guided_dialog,5,5,5,5.00,4,4,5,4.33,5,5,5,5.00,5,5,5,5.00,tie,2026-02-04T17:45:28.953Z
sample_363,GEM/schema_guided_dialog,5,5,5,5.00,5,5,5,5.00,5,5,4,4.67,5,5,4,4.67,tie,2026-02-04T17:45:48.473Z
sample_84,allenai/WildChat-1M,5,5,5,5.00,5,5,5,5.00,5,5,5,5.00,5,5,5,5.00,tie,2026-02-04T17:46:32.998Z
sample_160,allenai/WildChat-1M,3,3,3,3.00,3,3,3,3.00,3,3,3,3.00,3,3,3,3.00,tie,2026-02-04T17:46:37.223Z
sample_282,allenai/WildChat-1M,5,5,5,5.00,5,5,5,5.00,5,5,5,5.00,5,5,5,5.00,tie,2026-02-04T17:47:16.890Z
sample_374,allenai/WildChat-1M,4,4,5,4.33,4,4,5,4.33,5,5,5,5.00,5,5,5,5.00,tie,2026-02-04T17:47:52.043Z
sample_87,GEM/schema_guided_dialog,5,5,5,5.00,5,5,5,5.00,5,5,5,5.00,5,5,5,5.00,tie,2026-02-04T17:48:44.573Z
sample_203,GEM/schema_guided_dialog,5,5,5,5.00,5,5,5,5.00,3,4,5,4.00,5,5,5,5.00,tie,2026-02-04T17:49:18.923Z
sample_36,allenai/WildChat-1M,1,1,1,1.00,4,4,5,4.33,5,5,5,5.00,3,4,5,4.00,prompt_zeroshot,2026-02-04T17:50:22.722Z
sample_17,GEM/schema_guided_dialog,5,5,5,5.00,5,5,5,5.00,4,5,5,4.67,5,5,5,5.00,tie,2026-02-04T17:51:43.034Z
sample_287,GEM/schema_guided_dialog,2,3,5,3.33,4,5,5,4.67,5,5,5,5.00,4,5,5,4.67,prompt_zeroshot,2026-02-04T17:52:34.809Z
sample_7,GEM/schema_guided_dialog,5,5,5,5.00,4,4,5,4.33,5,5,5,5.00,5,5,5,5.00,tie,2026-02-04T17:53:12.809Z
sample_330,allenai/WildChat-1M,5,5,5,5.00,5,5,5,5.00,3,4,5,4.00,3,4,4,3.67,tie,2026-02-04T17:54:03.825Z
sample_79,GEM/schema_guided_dialog,3,4,5,4.00,5,5,5,5.00,4,5,5,4.67,5,5,5,5.00,tie,2026-02-04T18:17:10.968Z
sample_309,GEM/schema_guided_dialog,3,3,5,3.67,5,5,5,5.00,5,5,5,5.00,5,5,5,5.00,tie,2026-02-04T18:17:38.822Z
sample_76,allenai/WildChat-1M,5,5,5,5.00,5,5,5,5.00,5,5,5,5.00,5,5,5,5.00,tie,2026-02-04T18:18:21.055Z
sample_88,allenai/WildChat-1M,5,5,5,5.00,4,5,5,4.67,5,5,5,5.00,5,5,5,5.00,tie,2026-02-04T18:18:50.750Z
sample_30,allenai/WildChat-1M,5,5,5,5.00,5,5,5,5.00,5,5,5,5.00,5,5,5,5.00,tie,2026-02-04T18:19:13.205Z
sample_386,allenai/WildChat-1M,5,5,5,5.00,5,5,5,5.00,5,5,5,5.00,5,5,5,5.00,tie,2026-02-04T18:19:45.313Z
sample_131,GEM/schema_guided_dialog,4,2,2,2.67,4,5,5,4.67,5,5,5,5.00,5,5,5,5.00,tie,2026-02-04T18:20:17.416Z
sample_24,allenai/WildChat-1M,3,4,5,4.00,5,5,5,5.00,3,4,5,4.00,3,4,5,4.00,finetuned,2026-02-04T18:20:52.300Z
sample_94,allenai/WildChat-1M,5,5,5,5.00,3,3,5,3.67,5,5,5,5.00,5,5,5,5.00,tie,2026-02-04T18:22:13.756Z
sample_2,allenai/WildChat-1M,4,4,5,4.33,2,1,5,2.67,5,5,5,5.00,5,5,5,5.00,tie,2026-02-04T18:23:01.751Z
sample_83,GEM/schema_guided_dialog,3,3,1,2.33,5,5,5,5.00,5,5,5,5.00,5,5,5,5.00,tie,2026-02-04T18:24:05.172Z
sample_150,allenai/WildChat-1M,5,5,5,5.00,4,3,5,4.00,5,5,5,5.00,5,5,5,5.00,tie,2026-02-04T18:24:58.491Z
sample_159,GEM/schema_guided_dialog,2,2,3,2.33,4,4,5,4.33,5,5,5,5.00,5,5,5,5.00,tie,2026-02-04T18:25:41.142Z
sample_325,GEM/schema_guided_dialog,5,5,5,5.00,5,5,5,5.00,5,5,5,5.00,5,5,5,5.00,tie,2026-02-04T18:26:13.854Z
sample_291,GEM/schema_guided_dialog,3,3,5,3.67,5,5,5,5.00,5,5,5,5.00,5,5,5,5.00,tie,2026-02-04T18:27:05.183Z
sample_234,allenai/WildChat-1M,5,5,5,5.00,5,4,5,4.67,5,5,5,5.00,5,5,5,5.00,tie,2026-02-04T18:28:12.262Z
sample_95,GEM/schema_guided_dialog,5,5,5,5.00,5,5,5,5.00,5,5,5,5.00,5,5,5,5.00,tie,2026-02-04T18:28:34.812Z
sample_74,allenai/WildChat-1M,5,5,5,5.00,5,5,5,5.00,5,5,5,5.00,5,5,5,5.00,tie,2026-02-04T18:28:59.745Z
sample_228,allenai/WildChat-1M,4,3,4,3.67,4,4,5,4.33,5,5,5,5.00,5,5,5,5.00,tie,2026-02-04T18:29:39.483Z
sample_318,allenai/WildChat-1M,5,5,5,5.00,5,5,5,5.00,5,5,5,5.00,5,5,5,5.00,tie,2026-02-04T18:30:28.112Z
sample_172,allenai/WildChat-1M,5,5,5,5.00,4,5,5,4.67,5,5,5,5.00,4,5,5,4.67,tie,2026-02-04T18:31:09.417Z
sample_384,allenai/WildChat-1M,5,5,5,5.00,5,5,5,5.00,1,1,3,1.67,5,5,5,5.00,tie,2026-02-04T18:31:44.171Z
sample_238,allenai/WildChat-1M,5,5,5,5.00,5,5,5,5.00,5,5,5,5.00,5,5,5,5.00,tie,2026-02-04T18:32:15.729Z
sample_349,GEM/schema_guided_dialog,3,3,5,3.67,5,5,5,5.00,5,5,5,5.00,5,5,5,5.00,tie,2026-02-04T18:32:46.187Z
sample_345,GEM/schema_guided_dialog,4,3,2,3.00,5,5,5,5.00,5,5,5,5.00,5,5,5,5.00,tie,2026-02-04T18:33:18.971Z
sample_314,allenai/WildChat-1M,5,4,2,3.67,5,5,5,5.00,5,5,5,5.00,5,5,5,5.00,tie,2026-02-04T18:33:59.054Z
sample_283,GEM/schema_guided_dialog,5,5,5,5.00,5,5,5,5.00,5,5,5,5.00,4,4,5,4.33,tie,2026-02-04T18:34:30.733Z
sample_96,allenai/WildChat-1M,5,5,5,5.00,5,5,5,5.00,5,5,5,5.00,4,5,5,4.67,tie,2026-02-04T18:35:24.167Z
sample_270,allenai/WildChat-1M,5,5,5,5.00,3,3,5,3.67,4,5,5,4.67,2,2,5,3.00,baseline,2026-02-04T18:36:33.408Z
sample_33,GEM/schema_guided_dialog,5,5,5,5.00,5,5,5,5.00,5,5,5,5.00,5,5,5,5.00,tie,2026-02-04T18:37:35.296Z
sample_154,allenai/WildChat-1M,3,3,3,3.00,3,3,3,3.00,3,3,3,3.00,3,3,3,3.00,tie,2026-02-04T18:37:37.480Z
sample_176,allenai/WildChat-1M,3,3,3,3.00,3,3,3,3.00,3,3,3,3.00,3,3,3,3.00,tie,2026-02-04T18:37:38.662Z
sample_117,GEM/schema_guided_dialog,5,5,5,5.00,5,5,5,5.00,5,5,5,5.00,5,5,5,5.00,tie,2026-02-04T18:38:05.542Z
sample_347,GEM/schema_guided_dialog,5,5,5,5.00,5,5,5,5.00,5,5,5,5.00,5,5,5,5.00,tie,2026-02-04T18:38:35.875Z
sample_370,allenai/WildChat-1M,4,2,1,2.33,5,5,5,5.00,5,5,5,5.00,5,5,5,5.00,tie,2026-02-04T18:39:10.883Z
sample_81,GEM/schema_guided_dialog,5,5,5,5.00,5,5,5,5.00,5,5,5,5.00,5,5,5,5.00,tie,2026-02-04T18:39:34.484Z
sample_195,GEM/schema_guided_dialog,5,5,5,5.00,5,5,5,5.00,5,5,5,5.00,5,5,5,5.00,tie,2026-02-04T18:39:55.155Z
sample_278,allenai/WildChat-1M,2,2,2,2.00,4,5,5,4.67,5,5,5,5.00,5,5,5,5.00,tie,2026-02-04T18:40:39.825Z
sample_360,allenai/WildChat-1M,4,4,5,4.33,5,5,5,5.00,1,1,1,1.00,1,1,1,1.00,finetuned,2026-02-04T18:41:26.563Z
sample_368,allenai/WildChat-1M,5,5,5,5.00,5,5,5,5.00,5,5,5,5.00,5,5,5,5.00,tie,2026-02-04T18:41:52.671Z
sample_364,allenai/WildChat-1M,4,2,1,2.33,5,5,5,5.00,5,5,5,5.00,5,5,5,5.00,tie,2026-02-04T18:42:30.763Z
sample_338,allenai/WildChat-1M,4,5,5,4.67,5,5,5,5.00,5,5,5,5.00,5,5,5,5.00,tie,2026-02-04T18:42:58.167Z
sample_350,allenai/WildChat-1M,5,5,5,5.00,5,5,5,5.00,5,5,5,5.00,5,5,5,5.00,tie,2026-02-04T18:43:23.401Z
sample_196,allenai/WildChat-1M,4,4,5,4.33,1,1,1,1.00,5,5,5,5.00,2,2,1,1.67,prompt_zeroshot,2026-02-04T18:43:56.863Z
sample_373,GEM/schema_guided_dialog,5,5,5,5.00,5,5,5,5.00,5,5,5,5.00,5,5,5,5.00,tie,2026-02-04T18:44:18.667Z
sample_260,allenai/WildChat-1M,5,5,5,5.00,5,5,5,5.00,5,5,5,5.00,5,5,5,5.00,tie,2026-02-04T18:44:45.817Z
sample_308,allenai/WildChat-1M,5,5,5,5.00,5,5,5,5.00,5,5,5,5.00,5,5,5,5.00,tie,2026-02-04T18:45:23.622Z
sample_48,allenai/WildChat-1M,3,1,1,1.67,3,1,1,1.67,3,1,1,1.67,3,1,1,1.67,tie,2026-02-04T18:46:02.429Z
sample_129,GEM/schema_guided_dialog,4,2,1,2.33,5,5,5,5.00,5,5,5,5.00,5,5,5,5.00,tie,2026-02-04T18:46:31.926Z
sample_174,allenai/WildChat-1M,5,5,5,5.00,2,2,5,3.00,2,2,5,3.00,3,4,5,4.00,baseline,2026-02-04T18:47:20.688Z
sample_251,GEM/schema_guided_dialog,5,5,5,5.00,5,5,5,5.00,5,5,5,5.00,5,5,5,5.00,tie,2026-02-04T18:47:45.839Z
sample_112,allenai/WildChat-1M,3,2,1,2.00,2,1,5,2.67,5,5,5,5.00,5,5,5,5.00,tie,2026-02-04T18:48:33.855Z
sample_13,GEM/schema_guided_dialog,5,5,5,5.00,5,5,5,5.00,5,5,5,5.00,5,5,5,5.00,tie,2026-02-04T18:49:06.938Z
sample_97,GEM/schema_guided_dialog,5,5,5,5.00,5,5,5,5.00,3,5,4,4.00,5,5,5,5.00,tie,2026-02-04T18:49:45.001Z
sample_133,GEM/schema_guided_dialog,5,5,5,5.00,5,5,5,5.00,5,5,5,5.00,5,5,5,5.00,tie,2026-02-04T18:50:08.271Z
sample_297,GEM/schema_guided_dialog,5,5,5,5.00,5,5,5,5.00,5,5,5,5.00,5,5,5,5.00,tie,2026-02-04T18:50:34.655Z
sample_250,allenai/WildChat-1M,4,1,1,2.00,5,5,5,5.00,1,2,1,1.33,5,5,5,5.00,tie,2026-02-04T18:51:15.789Z
sample_362,allenai/WildChat-1M,5,5,5,5.00,5,5,5,5.00,5,5,5,5.00,5,5,5,5.00,tie,2026-02-04T18:51:53.913Z
sample_107,GEM/schema_guided_dialog,5,5,5,5.00,5,5,5,5.00,5,5,5,5.00,5,5,5,5.00,tie,2026-02-04T18:52:38.582Z
sample_78,allenai/WildChat-1M,5,5,5,5.00,2,1,1,1.33,5,5,5,5.00,5,5,5,5.00,tie,2026-02-04T18:53:07.609Z
sample_221,GEM/schema_guided_dialog,3,4,5,4.00,5,5,5,5.00,5,5,5,5.00,5,5,5,5.00,tie,2026-02-04T18:53:41.639Z
sample_229,GEM/schema_guided_dialog,2,3,2,2.33,5,5,5,5.00,5,5,5,5.00,5,5,5,5.00,tie,2026-02-04T18:54:19.389Z
sample_242,allenai/WildChat-1M,5,5,5,5.00,5,5,5,5.00,5,5,5,5.00,5,5,5,5.00,tie,2026-02-04T18:54:42.593Z
sample_257,GEM/schema_guided_dialog,5,5,5,5.00,5,5,5,5.00,5,5,5,5.00,5,5,5,5.00,tie,2026-02-04T18:55:13.006Z
sample_377,GEM/schema_guided_dialog,4,5,5,4.67,5,5,5,5.00,4,4,5,4.33,5,5,5,5.00,tie,2026-02-04T18:55:50.710Z
sample_168,allenai/WildChat-1M,3,4,2,3.00,5,5,5,5.00,5,5,5,5.00,4,5,5,4.67,tie,2026-02-04T18:56:36.573Z
sample_9,GEM/schema_guided_dialog,5,5,5,5.00,5,5,5,5.00,5,5,5,5.00,5,5,5,5.00,tie,2026-02-04T18:56:59.697Z
sample_109,GEM/schema_guided_dialog,5,5,5,5.00,5,5,5,5.00,5,5,5,5.00,5,5,5,5.00,tie,2026-02-04T18:57:27.118Z
sample_123,GEM/schema_guided_dialog,5,5,5,5.00,5,5,5,5.00,5,5,5,5.00,5,5,5,5.00,tie,2026-02-04T18:57:48.006Z
sample_111,GEM/schema_guided_dialog,5,5,4,4.67,5,5,4,4.67,5,5,5,5.00,5,5,5,5.00,tie,2026-02-04T18:58:09.306Z
sample_192,allenai/WildChat-1M,2,1,1,1.33,3,3,2,2.67,2,3,4,3.00,2,4,2,2.67,prompt_zeroshot,2026-02-04T18:58:52.339Z
sample_245,GEM/schema_guided_dialog,5,5,5,5.00,5,5,5,5.00,3,4,1,2.67,5,5,5,5.00,tie,2026-02-04T18:59:25.710Z
sample_16,allenai/WildChat-1M,5,5,5,5.00,5,5,5,5.00,5,5,5,5.00,5,5,5,5.00,tie,2026-02-04T18:59:53.585Z
sample_331,GEM/schema_guided_dialog,5,5,5,5.00,5,5,5,5.00,5,5,5,5.00,5,5,5,5.00,tie,2026-02-04T19:00:28.381Z
sample_125,GEM/schema_guided_dialog,5,5,5,5.00,5,4,5,4.67,5,5,3,4.33,5,5,5,5.00,tie,2026-02-04T19:00:53.927Z
sample_280,allenai/WildChat-1M,5,5,5,5.00,1,2,5,2.67,5,5,4,4.67,5,5,5,5.00,tie,2026-02-04T19:01:26.394Z
sample_124,allenai/WildChat-1M,4,5,5,4.67,5,5,5,5.00,4,5,4,4.33,4,5,5,4.67,finetuned,2026-02-04T19:01:57.073Z
sample_103,GEM/schema_guided_dialog,5,5,5,5.00,5,5,5,5.00,5,5,5,5.00,5,5,5,5.00,tie,2026-02-04T19:02:17.180Z
sample_110,allenai/WildChat-1M,4,4,4,4.00,1,3,1,1.67,5,5,5,5.00,5,5,5,5.00,tie,2026-02-04T19:02:52.785Z
sample_222,allenai/WildChat-1M,2,4,5,3.67,2,2,1,1.67,5,5,5,5.00,1,1,1,1.00,prompt_zeroshot,2026-02-04T19:03:37.423Z
sample_212,allenai/WildChat-1M,1,2,5,2.67,5,5,5,5.00,3,3,5,3.67,3,3,5,3.67,finetuned,2026-02-04T19:04:26.869Z
sample_162,allenai/WildChat-1M,5,5,5,5.00,5,5,5,5.00,5,5,5,5.00,5,5,5,5.00,tie,2026-02-04T19:05:01.773Z
sample_59,GEM/schema_guided_dialog,2,2,1,1.67,5,5,5,5.00,5,5,5,5.00,5,5,5,5.00,tie,2026-02-04T19:05:23.269Z
sample_190,allenai/WildChat-1M,1,1,5,2.33,2,2,5,3.00,5,5,5,5.00,5,5,5,5.00,tie,2026-02-04T19:05:51.419Z
sample_27,GEM/schema_guided_dialog,5,5,5,5.00,5,5,5,5.00,5,5,5,5.00,5,5,5,5.00,tie,2026-02-04T19:06:26.061Z
sample_237,GEM/schema_guided_dialog,5,5,5,5.00,5,5,5,5.00,5,5,5,5.00,5,5,5,5.00,tie,2026-02-04T19:06:49.669Z
sample_130,allenai/WildChat-1M,5,5,5,5.00,1,3,3,2.33,5,5,5,5.00,5,5,5,5.00,tie,2026-02-04T19:07:15.494Z
sample_184,allenai/WildChat-1M,5,5,5,5.00,5,5,5,5.00,5,5,5,5.00,5,5,5,5.00,tie,2026-02-04T19:07:49.115Z
sample_255,GEM/schema_guided_dialog,5,5,5,5.00,5,5,5,5.00,5,5,5,5.00,5,5,5,5.00,tie,2026-02-04T19:08:13.877Z
sample_140,allenai/WildChat-1M,4,5,3,4.00,5,5,5,5.00,4,5,3,4.00,5,5,5,5.00,tie,2026-02-04T19:08:52.890Z
sample_99,GEM/schema_guided_dialog,5,5,5,5.00,5,5,5,5.00,5,5,5,5.00,5,5,5,5.00,tie,2026-02-04T19:09:16.186Z
sample_121,GEM/schema_guided_dialog,5,5,4,4.67,5,5,5,5.00,5,5,5,5.00,5,5,5,5.00,tie,2026-02-04T19:09:44.144Z
sample_387,GEM/schema_guided_dialog,5,5,5,5.00,5,5,5,5.00,5,5,5,5.00,5,5,5,5.00,tie,2026-02-04T19:10:35.040Z
sample_296,allenai/WildChat-1M,5,5,5,5.00,5,5,5,5.00,5,5,5,5.00,5,5,5,5.00,tie,2026-02-04T19:11:17.323Z
sample_82,allenai/WildChat-1M,4,5,5,4.67,5,5,5,5.00,5,5,5,5.00,5,5,5,5.00,tie,2026-02-04T19:11:42.432Z
sample_262,allenai/WildChat-1M,5,5,5,5.00,5,5,5,5.00,5,5,5,5.00,5,5,5,5.00,tie,2026-02-04T19:12:07.044Z
sample_21,GEM/schema_guided_dialog,3,4,4,3.67,5,5,5,5.00,5,5,5,5.00,5,5,5,5.00,tie,2026-02-04T19:12:53.307Z
sample_254,allenai/WildChat-1M,5,5,5,5.00,5,5,5,5.00,5,5,5,5.00,5,5,5,5.00,tie,2026-02-04T19:13:31.048Z
sample_8,allenai/WildChat-1M,5,5,5,5.00,5,5,5,5.00,5,5,5,5.00,5,5,5,5.00,tie,2026-02-04T19:13:51.615Z
sample_298,allenai/WildChat-1M,5,5,5,5.00,5,5,5,5.00,5,5,5,5.00,5,5,5,5.00,tie,2026-02-04T19:14:23.207Z
sample_0,allenai/WildChat-1M,5,5,5,5.00,1,1,5,2.33,5,5,5,5.00,5,5,5,5.00,tie,2026-02-04T19:15:03.307Z
sample_258,allenai/WildChat-1M,4,4,5,4.33,5,5,5,5.00,5,5,5,5.00,5,5,5,5.00,tie,2026-02-04T19:15:39.627Z
sample_73,GEM/schema_guided_dialog,5,5,5,5.00,5,5,5,5.00,5,5,5,5.00,5,5,5,5.00,tie,2026-02-04T19:16:05.827Z
sample_56,allenai/WildChat-1M,5,5,5,5.00,5,5,5,5.00,5,5,5,5.00,5,5,5,5.00,tie,2026-02-04T19:16:54.340Z
sample_35,GEM/schema_guided_dialog,5,5,5,5.00,5,5,5,5.00,5,5,5,5.00,5,5,5,5.00,tie,2026-02-04T19:17:20.661Z
sample_3,GEM/schema_guided_dialog,5,5,5,5.00,5,5,5,5.00,5,5,5,5.00,5,5,5,5.00,tie,2026-02-04T19:17:48.927Z
sample_153,GEM/schema_guided_dialog,2,2,1,1.67,5,5,5,5.00,5,5,5,5.00,5,5,5,5.00,tie,2026-02-04T19:18:13.398Z
sample_40,allenai/WildChat-1M,5,5,5,5.00,4,5,5,4.67,5,5,5,5.00,5,5,5,5.00,tie,2026-02-04T19:18:42.074Z
sample_145,GEM/schema_guided_dialog,5,5,5,5.00,5,5,5,5.00,5,5,5,5.00,5,5,5,5.00,tie,2026-02-04T19:19:05.045Z
sample_329,GEM/schema_guided_dialog,5,5,5,5.00,5,5,5,5.00,5,5,5,5.00,5,5,5,5.00,tie,2026-02-04T19:19:36.470Z
sample_322,allenai/WildChat-1M,5,5,5,5.00,2,2,1,1.67,5,5,5,5.00,5,5,5,5.00,tie,2026-02-04T19:20:10.457Z
sample_236,allenai/WildChat-1M,5,5,5,5.00,4,5,5,4.67,5,5,5,5.00,5,5,5,5.00,tie,2026-02-04T19:20:40.994Z
sample_1,GEM/schema_guided_dialog,4,5,5,4.67,5,5,5,5.00,4,5,5,4.67,5,5,5,5.00,tie,2026-02-04T19:21:34.078Z
sample_49,GEM/schema_guided_dialog,2,2,1,1.67,5,5,5,5.00,5,5,5,5.00,5,5,5,5.00,tie,2026-02-04T19:22:00.744Z
sample_199,GEM/schema_guided_dialog,5,5,5,5.00,5,5,5,5.00,5,5,5,5.00,5,5,5,5.00,tie,2026-02-04T19:22:33.728Z
sample_292,allenai/WildChat-1M,2,1,1,1.33,5,5,5,5.00,5,5,5,5.00,5,5,5,5.00,tie,2026-02-04T19:23:06.720Z
sample_378,allenai/WildChat-1M,4,4,5,4.33,5,5,5,5.00,5,5,5,5.00,5,5,5,5.00,tie,2026-02-04T19:23:39.149Z
sample_358,allenai/WildChat-1M,4,4,5,4.33,4,4,5,4.33,5,5,5,5.00,5,5,5,5.00,tie,2026-02-04T19:24:12.116Z
sample_53,GEM/schema_guided_dialog,5,5,5,5.00,5,5,5,5.00,5,5,5,5.00,5,5,5,5.00,tie,2026-02-04T19:24:33.436Z
sample_189,GEM/schema_guided_dialog,5,5,5,5.00,5,5,5,5.00,5,5,5,5.00,5,5,5,5.00,tie,2026-02-04T19:25:48.765Z
sample_80,allenai/WildChat-1M,5,5,5,5.00,5,5,5,5.00,5,5,5,5.00,5,5,5,5.00,tie,2026-02-04T19:26:13.087Z
sample_101,GEM/schema_guided_dialog,5,5,5,5.00,5,5,5,5.00,5,5,5,5.00,5,5,5,5.00,tie,2026-02-04T19:26:37.224Z
sample_18,allenai/WildChat-1M,5,5,5,5.00,5,5,5,5.00,5,5,5,5.00,5,5,5,5.00,tie,2026-02-04T19:26:58.899Z
sample_39,GEM/schema_guided_dialog,2,2,2,2.00,5,5,5,5.00,5,5,5,5.00,5,5,5,5.00,tie,2026-02-04T19:27:29.266Z
sample_352,allenai/WildChat-1M,5,5,5,5.00,2,2,5,3.00,4,4,5,4.33,5,5,5,5.00,tie,2026-02-04T19:28:18.436Z
sample_210,allenai/WildChat-1M,5,5,5,5.00,5,5,5,5.00,5,5,5,5.00,5,5,5,5.00,tie,2026-02-04T19:28:47.953Z
sample_315,GEM/schema_guided_dialog,2,2,5,3.00,2,2,5,3.00,3,3,5,3.67,5,5,5,5.00,prompt_fewshot,2026-02-04T19:29:42.674Z
sample_313,GEM/schema_guided_dialog,5,5,5,5.00,5,5,5,5.00,5,5,5,5.00,5,5,5,5.00,tie,2026-02-04T19:30:08.395Z
sample_224,allenai/WildChat-1M,5,5,5,5.00,5,5,5,5.00,5,5,5,5.00,5,5,5,5.00,tie,2026-02-04T19:30:49.550Z
sample_12,allenai/WildChat-1M,5,5,5,5.00,5,5,5,5.00,5,5,4,4.67,5,5,5,5.00,tie,2026-02-04T19:31:15.508Z
sample_344,allenai/WildChat-1M,5,5,5,5.00,5,5,5,5.00,5,5,5,5.00,5,5,5,5.00,tie,2026-02-04T19:31:47.420Z
sample_209,GEM/schema_guided_dialog,5,5,5,5.00,5,5,5,5.00,5,5,5,5.00,5,5,5,5.00,tie,2026-02-04T19:32:09.532Z
sample_305,GEM/schema_guided_dialog,5,5,5,5.00,5,5,5,5.00,5,5,5,5.00,5,5,5,5.00,tie,2026-02-04T19:32:31.549Z
sample_371,GEM/schema_guided_dialog,5,5,5,5.00,5,5,5,5.00,5,5,5,5.00,5,5,5,5.00,tie,2026-02-04T19:32:53.733Z
sample_389,GEM/schema_guided_dialog,5,5,5,5.00,5,5,5,5.00,5,5,5,5.00,5,5,5,5.00,tie,2026-02-04T19:33:16.474Z
sample_235,GEM/schema_guided_dialog,5,5,5,5.00,5,5,5,5.00,5,5,5,5.00,5,5,5,5.00,tie,2026-02-04T19:33:36.182Z
sample_104,allenai/WildChat-1M,5,5,5,5.00,1,3,2,2.00,5,5,5,5.00,1,1,1,1.00,tie,2026-02-04T19:34:11.524Z
sample_113,GEM/schema_guided_dialog,5,5,5,5.00,5,5,5,5.00,5,5,5,5.00,5,5,5,5.00,tie,2026-02-04T19:34:38.474Z
sample_243,GEM/schema_guided_dialog,4,3,5,4.00,5,5,5,5.00,5,5,5,5.00,5,5,5,5.00,tie,2026-02-04T19:35:11.700Z
sample_198,allenai/WildChat-1M,5,5,5,5.00,4,4,5,4.33,5,5,5,5.00,5,5,5,5.00,tie,2026-02-04T19:35:41.625Z
sample_166,allenai/WildChat-1M,1,1,1,1.00,4,3,5,4.00,5,5,5,5.00,5,5,5,5.00,tie,2026-02-04T19:36:28.587Z
sample_71,GEM/schema_guided_dialog,5,5,5,5.00,5,5,5,5.00,5,5,5,5.00,5,5,5,5.00,tie,2026-02-04T19:36:51.771Z
sample_375,GEM/schema_guided_dialog,5,5,5,5.00,5,5,5,5.00,5,5,5,5.00,5,5,5,5.00,tie,2026-02-04T19:37:11.321Z
sample_324,allenai/WildChat-1M,1,2,1,1.33,5,5,5,5.00,5,5,5,5.00,5,5,5,5.00,tie,2026-02-04T19:37:57.811Z
sample_149,GEM/schema_guided_dialog,5,5,5,5.00,5,5,5,5.00,5,5,5,5.00,5,5,5,5.00,tie,2026-02-04T19:38:19.456Z
sample_381,GEM/schema_guided_dialog,1,1,1,1.00,5,5,5,5.00,5,5,5,5.00,5,5,5,5.00,tie,2026-02-04T19:38:47.606Z
sample_134,allenai/WildChat-1M,5,5,5,5.00,5,5,5,5.00,5,5,5,5.00,5,5,5,5.00,tie,2026-02-04T19:39:55.124Z
sample_393,GEM/schema_guided_dialog,5,5,5,5.00,5,5,5,5.00,5,5,5,5.00,5,5,5,5.00,tie,2026-02-04T19:40:13.840Z
sample_394,allenai/WildChat-1M,5,5,5,5.00,5,5,5,5.00,5,5,5,5.00,5,5,5,5.00,tie,2026-02-04T19:40:43.190Z
sample_75,GEM/schema_guided_dialog,5,5,5,5.00,5,5,5,5.00,5,5,5,5.00,5,5,5,5.00,tie,2026-02-04T19:41:06.124Z
sample_31,GEM/schema_guided_dialog,1,1,1,1.00,5,5,5,5.00,5,5,5,5.00,5,5,5,5.00,tie,2026-02-04T19:41:26.432Z
sample_227,GEM/schema_guided_dialog,5,5,5,5.00,5,5,5,5.00,5,5,5,5.00,5,5,5,5.00,tie,2026-02-04T19:41:45.936Z
sample_293,GEM/schema_guided_dialog,5,5,5,5.00,5,5,5,5.00,5,5,5,5.00,5,5,5,5.00,tie,2026-02-04T19:42:03.420Z
sample_215,GEM/schema_guided_dialog,5,5,5,5.00,5,5,5,5.00,5,5,5,5.00,5,5,5,5.00,tie,2026-02-04T19:42:29.070Z
sample_277,GEM/schema_guided_dialog,3,3,5,3.67,5,5,5,5.00,5,5,5,5.00,5,5,5,5.00,tie,2026-02-04T19:43:03.094Z
sample_263,GEM/schema_guided_dialog,5,5,5,5.00,5,5,5,5.00,5,5,5,5.00,5,5,5,5.00,tie,2026-02-04T19:43:24.761Z
sample_41,GEM/schema_guided_dialog,5,5,5,5.00,5,5,5,5.00,5,5,5,5.00,4,5,5,4.67,tie,2026-02-04T19:43:51.407Z
sample_269,GEM/schema_guided_dialog,5,5,5,5.00,5,5,5,5.00,5,5,5,5.00,5,5,5,5.00,tie,2026-02-04T19:44:14.123Z
sample_214,allenai/WildChat-1M,4,5,5,4.67,5,5,5,5.00,2,3,5,3.33,4,4,5,4.33,finetuned,2026-02-04T19:44:54.307Z
sample_267,GEM/schema_guided_dialog,5,5,5,5.00,5,5,5,5.00,5,5,5,5.00,5,5,5,5.00,tie,2026-02-04T19:45:17.335Z
sample_90,allenai/WildChat-1M,5,5,5,5.00,5,5,5,5.00,5,5,5,5.00,5,5,5,5.00,tie,2026-02-04T19:46:02.448Z
sample_219,GEM/schema_guided_dialog,5,5,5,5.00,5,5,5,5.00,5,5,5,5.00,5,5,5,5.00,tie,2026-02-04T19:46:19.838Z
sample_361,GEM/schema_guided_dialog,5,5,5,5.00,5,5,5,5.00,5,5,5,5.00,5,5,5,5.00,tie,2026-02-04T19:46:38.186Z
sample_32,allenai/WildChat-1M,5,5,5,5.00,5,5,5,5.00,5,5,5,5.00,5,5,5,5.00,tie,2026-02-04T19:47:10.915Z
sample_6,allenai/WildChat-1M,5,5,5,5.00,5,5,5,5.00,1,1,1,1.00,1,1,1,1.00,tie,2026-02-04T19:47:50.719Z
sample_44,allenai/WildChat-1M,5,5,5,5.00,5,5,5,5.00,5,5,5,5.00,5,5,5,5.00,tie,2026-02-04T19:48:14.170Z
sample_380,allenai/WildChat-1M,1,2,2,1.67,5,5,5,5.00,5,5,5,5.00,5,5,5,5.00,tie,2026-02-04T19:48:44.065Z
sample_62,allenai/WildChat-1M,5,5,5,5.00,5,5,5,5.00,5,5,5,5.00,5,5,5,5.00,tie,2026-02-04T19:49:04.411Z
sample_201,GEM/schema_guided_dialog,5,5,5,5.00,5,5,5,5.00,5,5,5,5.00,5,5,5,5.00,tie,2026-02-04T19:49:21.753Z
sample_57,GEM/schema_guided_dialog,5,5,5,5.00,5,5,5,5.00,5,5,5,5.00,5,5,5,5.00,tie,2026-02-04T19:49:48.245Z
sample_148,allenai/WildChat-1M,5,5,5,5.00,4,5,5,4.67,5,5,5,5.00,5,5,5,5.00,tie,2026-02-04T19:50:15.007Z
sample_385,GEM/schema_guided_dialog,1,2,1,1.33,5,5,5,5.00,5,5,5,5.00,5,5,5,5.00,tie,2026-02-04T19:50:41.865Z
sample_339,GEM/schema_guided_dialog,4,4,5,4.33,5,5,5,5.00,5,5,5,5.00,5,5,5,5.00,tie,2026-02-04T19:51:14.074Z
sample_175,GEM/schema_guided_dialog,5,5,5,5.00,5,5,5,5.00,5,5,5,5.00,5,5,5,5.00,tie,2026-02-04T19:51:37.853Z
sample_211,GEM/schema_guided_dialog,5,5,5,5.00,5,5,5,5.00,5,5,5,5.00,5,5,5,5.00,tie,2026-02-04T19:51:59.715Z
sample_179,GEM/schema_guided_dialog,3,3,5,3.67,5,5,5,5.00,5,5,5,5.00,5,5,5,5.00,tie,2026-02-04T19:52:22.224Z
sample_47,GEM/schema_guided_dialog,1,1,1,1.00,5,5,5,5.00,5,5,5,5.00,5,5,5,5.00,tie,2026-02-04T19:52:46.087Z
sample_91,GEM/schema_guided_dialog,5,5,5,5.00,5,5,5,5.00,5,5,5,5.00,5,5,5,5.00,tie,2026-02-04T19:53:06.795Z
sample_259,GEM/schema_guided_dialog,5,5,5,5.00,5,5,5,5.00,5,5,5,5.00,5,5,5,5.00,tie,2026-02-04T19:53:30.757Z
sample_116,allenai/WildChat-1M,1,1,1,1.00,5,5,5,5.00,5,5,5,5.00,5,5,5,5.00,tie,2026-02-04T19:54:15.783Z
sample_356,allenai/WildChat-1M,5,5,5,5.00,3,4,5,4.00,5,5,5,5.00,5,5,5,5.00,tie,2026-02-04T19:54:45.857Z
sample_102,allenai/WildChat-1M,5,5,5,5.00,4,4,5,4.33,5,5,5,5.00,1,1,1,1.00,tie,2026-02-04T19:55:17.344Z
sample_65,GEM/schema_guided_dialog,5,5,5,5.00,5,5,5,5.00,5,5,5,5.00,5,5,5,5.00,tie,2026-02-04T19:55:42.411Z
sample_34,allenai/WildChat-1M,5,5,5,5.00,5,5,5,5.00,5,5,5,5.00,5,5,5,5.00,tie,2026-02-04T19:56:03.853Z
sample_239,GEM/schema_guided_dialog,5,5,5,5.00,5,5,5,5.00,5,5,5,5.00,5,5,5,5.00,tie,2026-02-04T19:56:19.932Z
sample_337,GEM/schema_guided_dialog,5,5,5,5.00,5,5,5,5.00,5,5,5,5.00,5,5,5,5.00,tie,2026-02-04T19:56:42.961Z
sample_240,allenai/WildChat-1M,3,4,5,4.00,3,3,5,3.67,5,5,5,5.00,5,5,5,5.00,tie,2026-02-04T19:57:23.445Z
sample_202,allenai/WildChat-1M,4,4,5,4.33,2,2,1,1.67,5,5,5,5.00,4,4,5,4.33,prompt_zeroshot,2026-02-04T19:57:55.190Z
sample_137,GEM/schema_guided_dialog,5,5,5,5.00,5,5,5,5.00,5,5,5,5.00,5,5,5,5.00,tie,2026-02-04T19:58:15.082Z
sample_55,GEM/schema_guided_dialog,5,5,5,5.00,5,5,5,5.00,5,5,5,5.00,5,5,5,5.00,tie,2026-02-04T19:58:32.473Z
sample_193,GEM/schema_guided_dialog,5,5,5,5.00,3,2,5,3.33,5,5,5,5.00,5,5,5,5.00,tie,2026-02-04T19:58:54.438Z
sample_61,GEM/schema_guided_dialog,3,3,5,3.67,5,5,5,5.00,5,5,5,5.00,5,5,5,5.00,tie,2026-02-04T19:59:16.984Z
sample_311,GEM/schema_guided_dialog,5,5,5,5.00,5,5,5,5.00,5,5,5,5.00,5,5,5,5.00,tie,2026-02-04T19:59:36.222Z
sample_169,GEM/schema_guided_dialog,5,5,5,5.00,5,5,5,5.00,5,5,5,5.00,5,5,5,5.00,tie,2026-02-04T20:00:04.405Z
sample_181,GEM/schema_guided_dialog,5,5,5,5.00,5,5,5,5.00,5,5,5,5.00,5,5,5,5.00,tie,2026-02-04T20:00:26.576Z
sample_72,allenai/WildChat-1M,5,5,5,5.00,5,5,5,5.00,5,5,5,5.00,5,5,5,5.00,tie,2026-02-04T20:00:51.838Z
sample_28,allenai/WildChat-1M,1,1,1,1.00,5,5,5,5.00,5,5,5,5.00,1,1,1,1.00,tie,2026-02-04T20:01:24.406Z
sample_333,GEM/schema_guided_dialog,5,5,5,5.00,5,5,5,5.00,5,5,5,5.00,5,5,5,5.00,tie,2026-02-04T20:01:42.485Z
sample_279,GEM/schema_guided_dialog,5,4,5,4.67,5,5,5,5.00,5,5,5,5.00,5,5,5,5.00,tie,2026-02-04T20:02:07.026Z
sample_289,GEM/schema_guided_dialog,1,1,1,1.00,5,5,5,5.00,5,5,5,5.00,5,5,5,5.00,tie,2026-02-04T20:02:28.814Z
sample_114,allenai/WildChat-1M,5,5,5,5.00,5,5,5,5.00,5,5,5,5.00,5,5,5,5.00,tie,2026-02-04T20:02:57.488Z
sample_4,allenai/WildChat-1M,1,1,1,1.00,5,5,5,5.00,5,5,5,5.00,5,5,5,5.00,tie,2026-02-04T20:03:26.211Z
sample_395,GEM/schema_guided_dialog,5,5,5,5.00,5,5,5,5.00,5,5,5,5.00,5,5,5,5.00,tie,2026-02-04T20:03:48.526Z
sample_217,GEM/schema_guided_dialog,5,5,5,5.00,5,5,5,5.00,3,3,5,3.67,5,5,5,5.00,tie,2026-02-04T20:04:16.201Z
sample_52,allenai/WildChat-1M,5,5,5,5.00,5,5,5,5.00,5,5,5,5.00,3,3,5,3.67,tie,2026-02-04T20:04:44.601Z
sample_93,GEM/schema_guided_dialog,5,5,5,5.00,5,5,5,5.00,5,5,5,5.00,5,5,5,5.00,tie,2026-02-04T20:05:07.797Z
sample_317,GEM/schema_guided_dialog,5,5,5,5.00,5,5,5,5.00,5,5,5,5.00,5,5,5,5.00,tie,2026-02-04T20:05:23.605Z
sample_303,GEM/schema_guided_dialog,4,4,5,4.33,5,5,5,5.00,5,5,5,5.00,5,5,5,5.00,tie,2026-02-04T20:05:51.468Z
sample_186,allenai/WildChat-1M,5,5,5,5.00,5,5,5,5.00,5,5,5,5.00,5,5,5,5.00,tie,2026-02-04T20:06:12.339Z
sample_164,allenai/WildChat-1M,1,1,1,1.00,5,5,5,5.00,5,5,5,5.00,5,5,5,5.00,tie,2026-02-04T20:06:38.301Z
sample_302,allenai/WildChat-1M,1,1,1,1.00,5,5,5,5.00,5,5,5,5.00,5,5,5,5.00,tie,2026-02-04T20:07:05.573Z
sample_136,allenai/WildChat-1M,5,5,5,5.00,5,5,5,5.00,5,5,5,5.00,5,5,5,5.00,tie,2026-02-04T20:07:51.464Z
sample_397,GEM/schema_guided_dialog,5,5,5,5.00,5,5,5,5.00,5,5,5,5.00,5,5,5,5.00,tie,2026-02-04T20:08:22.897Z
sample_25,GEM/schema_guided_dialog,4,4,5,4.33,5,5,5,5.00,5,5,5,5.00,5,5,5,5.00,tie,2026-02-04T20:08:47.748Z
sample_89,GEM/schema_guided_dialog,5,5,5,5.00,5,5,5,5.00,5,5,5,5.00,5,5,5,5.00,tie,2026-02-04T20:09:16.664Z
sample_167,GEM/schema_guided_dialog,5,5,5,5.00,5,5,5,5.00,5,5,5,5.00,5,5,5,5.00,tie,2026-02-04T20:09:36.306Z
sample_119,GEM/schema_guided_dialog,5,5,5,5.00,5,5,5,5.00,5,5,5,5.00,5,5,5,5.00,tie,2026-02-04T20:09:59.422Z
sample_207,GEM/schema_guided_dialog,5,5,5,5.00,5,5,5,5.00,5,5,5,5.00,5,5,5,5.00,tie,2026-02-04T20:10:26.089Z
sample_146,allenai/WildChat-1M,2,2,1,1.67,5,5,5,5.00,2,2,1,1.67,2,2,1,1.67,finetuned,2026-02-04T20:10:58.872Z
sample_216,allenai/WildChat-1M,5,5,5,5.00,3,3,3,3.00,3,3,3,3.00,3,3,3,3.00,baseline,2026-02-04T20:11:08.514Z
sample_340,allenai/WildChat-1M,5,5,5,5.00,5,5,5,5.00,2,2,1,1.67,2,2,1,1.67,tie,2026-02-04T20:11:32.214Z
sample_390,allenai/WildChat-1M,5,5,5,5.00,5,5,5,5.00,5,5,5,5.00,5,5,5,5.00,tie,2026-02-04T20:11:50.427Z
sample_197,GEM/schema_guided_dialog,5,5,5,5.00,5,5,5,5.00,5,5,5,5.00,5,5,5,5.00,tie,2026-02-04T20:12:05.581Z
sample_218,allenai/WildChat-1M,1,1,1,1.00,5,5,5,5.00,5,5,5,5.00,5,5,5,5.00,tie,2026-02-04T20:12:24.439Z
sample_312,allenai/WildChat-1M,5,5,5,5.00,2,2,5,3.00,5,5,5,5.00,5,5,5,5.00,tie,2026-02-04T20:12:49.427Z
sample_225,GEM/schema_guided_dialog,5,5,5,5.00,5,5,5,5.00,5,5,5,5.00,5,5,5,5.00,tie,2026-02-04T20:13:15.506Z
sample_152,allenai/WildChat-1M,5,5,5,5.00,2,2,3,2.33,5,5,5,5.00,5,5,5,5.00,tie,2026-02-04T20:13:37.343Z
sample_290,allenai/WildChat-1M,1,1,1,1.00,2,2,3,2.33,5,5,5,5.00,5,5,5,5.00,tie,2026-02-04T20:14:11.802Z
sample_182,allenai/WildChat-1M,5,5,5,5.00,5,5,5,5.00,5,5,5,5.00,5,5,5,5.00,tie,2026-02-04T20:14:50.340Z
sample_70,allenai/WildChat-1M,5,5,5,5.00,5,5,5,5.00,5,5,5,5.00,2,3,5,3.33,tie,2026-02-04T20:15:24.939Z
sample_156,allenai/WildChat-1M,5,5,5,5.00,5,5,5,5.00,5,5,5,5.00,5,5,5,5.00,tie,2026-02-04T20:16:06.152Z
sample_310,allenai/WildChat-1M,4,4,5,4.33,5,5,5,5.00,5,5,5,5.00,5,5,5,5.00,tie,2026-02-04T20:16:38.373Z
sample_135,GEM/schema_guided_dialog,5,5,5,5.00,5,5,5,5.00,5,4,5,4.67,5,5,5,5.00,tie,2026-02-04T20:17:10.135Z
sample_161,GEM/schema_guided_dialog,5,5,5,5.00,5,5,5,5.00,5,5,5,5.00,5,5,5,5.00,tie,2026-02-04T20:17:28.739Z
sample_261,GEM/schema_guided_dialog,3,4,5,4.00,5,5,5,5.00,5,5,5,5.00,5,5,5,5.00,tie,2026-02-04T20:17:55.094Z
sample_399,GEM/schema_guided_dialog,5,5,5,5.00,5,5,5,5.00,5,5,5,5.00,5,5,5,5.00,tie,2026-02-04T20:18:16.798Z
sample_326,allenai/WildChat-1M,5,5,5,5.00,5,5,5,5.00,5,5,5,5.00,5,5,5,5.00,tie,2026-02-04T20:18:40.073Z
sample_141,GEM/schema_guided_dialog,5,5,5,5.00,5,5,5,5.00,5,5,5,5.00,5,5,5,5.00,tie,2026-02-04T20:18:58.719Z
sample_241,GEM/schema_guided_dialog,5,5,5,5.00,5,5,5,5.00,5,5,5,5.00,5,5,5,5.00,tie,2026-02-04T20:19:20.290Z
sample_357,GEM/schema_guided_dialog,5,5,5,5.00,5,5,4,4.67,5,5,5,5.00,5,5,5,5.00,tie,2026-02-04T20:19:42.657Z
sample_43,GEM/schema_guided_dialog,5,5,5,5.00,5,5,5,5.00,5,5,5,5.00,5,5,5,5.00,tie,2026-02-04T20:20:07.606Z
sample_37,GEM/schema_guided_dialog,5,5,5,5.00,5,5,5,5.00,5,5,5,5.00,5,5,5,5.00,tie,2026-02-04T20:20:28.065Z
sample_223,GEM/schema_guided_dialog,1,1,1,1.00,5,5,5,5.00,5,5,5,5.00,5,5,5,5.00,tie,2026-02-04T20:20:50.057Z
sample_142,allenai/WildChat-1M,1,2,5,2.67,4,5,5,4.67,3,2,5,3.33,5,5,5,5.00,prompt_fewshot,2026-02-04T20:21:25.074Z
sample_321,GEM/schema_guided_dialog,3,3,5,3.67,5,5,5,5.00,5,5,5,5.00,5,5,5,5.00,tie,2026-02-04T20:21:49.669Z
sample_367,GEM/schema_guided_dialog,5,5,5,5.00,5,5,5,5.00,5,5,5,5.00,5,5,5,5.00,tie,2026-02-04T20:22:18.556Z
sample_15,GEM/schema_guided_dialog,5,5,4,4.67,5,5,5,5.00,5,5,5,5.00,5,5,5,5.00,tie,2026-02-04T20:22:41.440Z
sample_273,GEM/schema_guided_dialog,5,5,5,5.00,5,5,5,5.00,5,5,5,5.00,5,5,5,5.00,tie,2026-02-04T20:23:01.365Z
sample_354,allenai/WildChat-1M,5,5,5,5.00,5,5,5,5.00,5,5,5,5.00,5,5,5,5.00,tie,2026-02-04T20:23:31.502Z
sample_139,GEM/schema_guided_dialog,5,5,5,5.00,5,5,5,5.00,5,5,5,5.00,5,5,5,5.00,tie,2026-02-04T20:23:48.973Z
sample_158,allenai/WildChat-1M,5,5,5,5.00,5,5,5,5.00,5,5,5,5.00,5,5,5,5.00,tie,2026-02-04T20:24:23.490Z
sample_126,allenai/WildChat-1M,5,5,5,5.00,4,4,5,4.33,5,5,5,5.00,5,5,5,5.00,tie,2026-02-04T20:24:53.028Z
sample_85,GEM/schema_guided_dialog,3,1,5,3.00,4,3,5,4.00,5,5,5,5.00,5,5,5,5.00,tie,2026-02-04T20:25:18.436Z
sample_233,GEM/schema_guided_dialog,5,5,5,5.00,5,5,5,5.00,5,5,5,5.00,5,5,5,5.00,tie,2026-02-04T20:25:47.699Z
sample_144,allenai/WildChat-1M,5,5,5,5.00,5,5,5,5.00,5,5,5,5.00,5,5,5,5.00,tie,2026-02-04T20:26:15.607Z
sample_29,GEM/schema_guided_dialog,5,5,4,4.67,4,4,5,4.33,5,5,5,5.00,5,5,5,5.00,tie,2026-02-04T20:26:43.728Z
sample_58,allenai/WildChat-1M,5,5,5,5.00,5,5,5,5.00,5,5,5,5.00,5,5,5,5.00,tie,2026-02-04T20:27:05.207Z
sample_177,GEM/schema_guided_dialog,1,1,1,1.00,5,5,5,5.00,5,5,5,5.00,5,5,5,5.00,tie,2026-02-04T20:27:22.940Z
sample_155,GEM/schema_guided_dialog,5,5,5,5.00,5,5,5,5.00,5,5,5,5.00,4,5,5,4.67,tie,2026-02-04T20:27:43.015Z
sample_388,allenai/WildChat-1M,5,5,5,5.00,5,5,5,5.00,5,5,5,5.00,5,5,5,5.00,tie,2026-02-04T20:28:18.865Z
sample_98,allenai/WildChat-1M,1,1,1,1.00,5,5,5,5.00,5,5,5,5.00,5,5,5,5.00,tie,2026-02-04T20:28:52.347Z
sample_392,allenai/WildChat-1M,1,1,1,1.00,4,4,5,4.33,5,5,5,5.00,5,5,5,5.00,tie,2026-02-04T20:29:21.139Z
sample_307,GEM/schema_guided_dialog,5,5,5,5.00,5,5,5,5.00,5,5,5,5.00,5,5,5,5.00,tie,2026-02-04T20:29:36.447Z
sample_86,allenai/WildChat-1M,5,5,5,5.00,3,4,1,2.67,5,5,5,5.00,5,5,5,5.00,tie,2026-02-04T20:30:06.472Z
sample_118,allenai/WildChat-1M,1,1,1,1.00,5,5,5,5.00,5,5,5,5.00,5,5,5,5.00,tie,2026-02-04T20:30:38.159Z
sample_147,GEM/schema_guided_dialog,5,5,5,5.00,5,5,5,5.00,5,5,5,5.00,5,5,5,5.00,tie,2026-02-04T20:31:01.401Z
sample_11,GEM/schema_guided_dialog,5,5,5,5.00,5,5,5,5.00,5,5,5,5.00,5,5,5,5.00,tie,2026-02-04T20:31:18.918Z
sample_5,GEM/schema_guided_dialog,5,5,5,5.00,5,5,5,5.00,5,5,5,5.00,5,5,5,5.00,tie,2026-02-04T20:31:43.722Z
sample_369,GEM/schema_guided_dialog,5,5,5,5.00,5,5,5,5.00,5,5,5,5.00,5,5,5,5.00,tie,2026-02-04T20:32:10.885Z
sample_379,GEM/schema_guided_dialog,5,5,5,5.00,5,5,5,5.00,5,5,5,5.00,5,5,5,5.00,tie,2026-02-04T20:32:31.055Z
sample_185,GEM/schema_guided_dialog,5,5,5,5.00,5,5,5,5.00,5,5,5,5.00,5,5,5,5.00,tie,2026-02-04T20:32:51.972Z
sample_205,GEM/schema_guided_dialog,5,5,5,5.00,5,5,5,5.00,5,5,5,5.00,5,5,5,5.00,tie,2026-02-04T20:33:29.760Z
sample_359,GEM/schema_guided_dialog,5,5,5,5.00,5,5,5,5.00,5,5,5,5.00,5,5,5,5.00,tie,2026-02-04T20:33:46.751Z
sample_341,GEM/schema_guided_dialog,5,5,5,5.00,5,5,5,5.00,5,5,5,5.00,4,5,5,4.67,tie,2026-02-04T20:34:00.347Z
sample_151,GEM/schema_guided_dialog,5,5,5,5.00,5,5,5,5.00,5,5,5,5.00,5,5,5,5.00,tie,2026-02-04T20:34:18.139Z
sample_328,allenai/WildChat-1M,5,5,5,5.00,5,5,5,5.00,5,5,5,5.00,5,5,5,5.00,tie,2026-02-04T20:34:34.843Z
sample_253,GEM/schema_guided_dialog,5,5,5,5.00,5,5,5,5.00,5,5,5,5.00,5,5,5,5.00,tie,2026-02-04T20:34:50.601Z
sample_188,allenai/WildChat-1M,5,5,5,5.00,5,5,5,5.00,5,5,5,5.00,5,5,5,5.00,tie,2026-02-04T20:35:09.439Z
sample_265,GEM/schema_guided_dialog,5,5,5,5.00,5,5,5,5.00,5,5,4,4.67,5,5,5,5.00,tie,2026-02-04T20:35:23.252Z
sample_187,GEM/schema_guided_dialog,1,1,1,1.00,5,5,5,5.00,5,5,5,5.00,5,5,5,5.00,tie,2026-02-04T20:36:03.265Z
sample_178,allenai/WildChat-1M,5,5,5,5.00,5,5,5,5.00,5,5,5,5.00,5,5,5,5.00,tie,2026-02-04T20:36:22.201Z
sample_106,allenai/WildChat-1M,4,4,5,4.33,5,5,5,5.00,5,5,5,5.00,5,5,5,5.00,tie,2026-02-04T20:36:59.977Z
sample_206,allenai/WildChat-1M,5,5,5,5.00,5,5,5,5.00,5,5,5,5.00,5,5,5,5.00,tie,2026-02-04T20:37:20.881Z
sample_323,GEM/schema_guided_dialog,5,5,5,5.00,5,5,5,5.00,5,5,5,5.00,5,5,5,5.00,tie,2026-02-04T20:37:36.385Z
sample_51,GEM/schema_guided_dialog,5,5,5,5.00,5,5,5,5.00,5,5,5,5.00,5,5,5,5.00,tie,2026-02-04T20:37:53.789Z
sample_165,GEM/schema_guided_dialog,5,4,5,4.67,5,5,5,5.00,5,5,5,5.00,5,5,5,5.00,tie,2026-02-04T20:38:14.326Z
sample_127,GEM/schema_guided_dialog,1,1,1,1.00,5,5,5,5.00,5,5,5,5.00,5,5,5,5.00,tie,2026-02-04T20:38:48.385Z
sample_304,allenai/WildChat-1M,5,5,5,5.00,5,5,5,5.00,5,5,5,5.00,5,5,5,5.00,tie,2026-02-04T20:39:10.639Z
sample_272,allenai/WildChat-1M,5,5,5,5.00,5,5,5,5.00,5,5,5,5.00,5,5,5,5.00,tie,2026-02-04T20:39:38.035Z
sample_143,GEM/schema_guided_dialog,5,5,5,5.00,5,5,5,5.00,5,5,5,5.00,5,5,5,5.00,tie,2026-02-04T20:39:58.176Z
sample_20,allenai/WildChat-1M,5,5,5,5.00,5,5,5,5.00,5,5,5,5.00,5,5,5,5.00,tie,2026-02-04T20:40:23.156Z
sample_23,GEM/schema_guided_dialog,5,5,5,5.00,5,5,5,5.00,5,5,5,5.00,5,5,5,5.00,tie,2026-02-04T20:40:41.348Z
sample_226,allenai/WildChat-1M,5,5,5,5.00,5,5,5,5.00,5,5,5,5.00,5,5,5,5.00,tie,2026-02-04T20:41:05.569Z
sample_105,GEM/schema_guided_dialog,5,5,5,5.00,5,5,5,5.00,5,5,5,5.00,5,5,5,5.00,tie,2026-02-04T20:41:23.294Z
sample_335,GEM/schema_guided_dialog,4,3,4,3.67,5,5,5,5.00,5,5,5,5.00,5,5,5,5.00,tie,2026-02-04T20:41:58.581Z
sample_232,allenai/WildChat-1M,5,5,5,5.00,5,4,5,4.67,4,2,5,3.67,1,1,1,1.00,baseline,2026-02-04T20:42:34.464Z
sample_64,allenai/WildChat-1M,5,5,5,5.00,5,5,5,5.00,5,5,5,5.00,5,5,5,5.00,tie,2026-02-04T20:42:47.418Z
sample_351,GEM/schema_guided_dialog,5,5,5,5.00,5,5,5,5.00,5,5,5,5.00,5,5,5,5.00,tie,2026-02-04T20:43:04.756Z
sample_10,allenai/WildChat-1M,5,5,5,5.00,5,5,5,5.00,5,5,5,5.00,5,5,5,5.00,tie,2026-02-04T20:43:17.831Z
sample_100,allenai/WildChat-1M,3,3,5,3.67,5,5,5,5.00,5,5,5,5.00,5,5,5,5.00,tie,2026-02-04T20:43:42.827Z
sample_391,GEM/schema_guided_dialog,5,5,5,5.00,5,5,5,5.00,5,5,5,5.00,5,5,5,5.00,tie,2026-02-04T20:43:58.414Z
sample_120,allenai/WildChat-1M,1,1,1,1.00,5,5,5,5.00,5,5,5,5.00,5,5,5,5.00,tie,2026-02-04T20:44:16.748Z
sample_66,allenai/WildChat-1M,5,5,5,5.00,5,5,5,5.00,5,5,5,5.00,5,5,5,5.00,tie,2026-02-04T20:44:40.964Z
sample_319,GEM/schema_guided_dialog,5,5,5,5.00,5,5,5,5.00,5,5,5,5.00,5,5,5,5.00,tie,2026-02-04T20:45:09.552Z
sample_63,GEM/schema_guided_dialog,5,5,5,5.00,5,5,5,5.00,5,5,5,5.00,5,5,5,5.00,tie,2026-02-04T20:45:27.652Z
sample_171,GEM/schema_guided_dialog,5,5,5,5.00,5,5,5,5.00,5,5,5,5.00,5,5,5,5.00,tie,2026-02-04T20:45:50.585Z
sample_334,allenai/WildChat-1M,5,5,5,5.00,5,5,5,5.00,5,5,5,5.00,5,5,5,5.00,tie,2026-02-04T20:46:22.435Z
sample_42,allenai/WildChat-1M,3,3,1,2.33,3,3,1,2.33,3,3,1,2.33,3,3,1,2.33,tie,2026-02-04T20:46:39.381Z
sample_271,GEM/schema_guided_dialog,5,5,5,5.00,5,5,5,5.00,5,5,5,5.00,5,5,5,5.00,tie,2026-02-04T20:46:57.085Z
sample_157,GEM/schema_guided_dialog,4,4,5,4.33,5,5,5,5.00,5,5,5,5.00,5,5,5,5.00,tie,2026-02-04T20:47:24.710Z
sample_281,GEM/schema_guided_dialog,5,5,5,5.00,5,5,5,5.00,5,5,5,5.00,5,5,5,5.00,tie,2026-02-04T20:47:40.039Z
sample_200,allenai/WildChat-1M,4,4,5,4.33,2,2,1,1.67,4,4,5,4.33,4,4,5,4.33,tie,2026-02-04T20:48:16.610Z
sample_14,allenai/WildChat-1M,5,5,5,5.00,5,5,5,5.00,5,5,5,5.00,5,5,5,5.00,tie,2026-02-04T20:48:36.081Z
sample_249,GEM/schema_guided_dialog,5,5,5,5.00,5,5,5,5.00,5,5,5,5.00,5,5,5,5.00,tie,2026-02-04T20:48:52.339Z
sample_183,GEM/schema_guided_dialog,5,5,5,5.00,5,5,5,5.00,5,5,5,5.00,5,5,5,5.00,tie,2026-02-04T20:49:13.527Z
sample_115,GEM/schema_guided_dialog,5,5,5,5.00,5,5,5,5.00,5,5,5,5.00,5,5,5,5.00,tie,2026-02-04T20:49:33.769Z
sample_163,GEM/schema_guided_dialog,5,5,4,4.67,5,5,5,5.00,5,5,5,5.00,5,5,5,5.00,tie,2026-02-04T20:49:51.440Z
sample_60,allenai/WildChat-1M,5,5,4,4.67,5,5,5,5.00,5,5,5,5.00,5,5,5,5.00,tie,2026-02-04T20:50:10.935Z
sample_316,allenai/WildChat-1M,5,5,5,5.00,5,5,5,5.00,5,5,5,5.00,5,5,5,5.00,tie,2026-02-04T20:50:27.331Z
sample_247,GEM/schema_guided_dialog,5,5,5,5.00,5,5,5,5.00,5,5,5,5.00,5,5,5,5.00,tie,2026-02-04T20:50:39.114Z
sample_50,allenai/WildChat-1M,4,3,1,2.67,5,5,5,5.00,4,5,5,4.67,5,5,5,5.00,tie,2026-02-04T20:51:14.968Z
sample_69,GEM/schema_guided_dialog,5,5,5,5.00,5,5,5,5.00,5,5,5,5.00,5,5,5,5.00,tie,2026-02-04T20:51:31.440Z
sample_343,GEM/schema_guided_dialog,5,5,5,5.00,5,5,5,5.00,5,5,5,5.00,5,5,5,5.00,tie,2026-02-04T20:51:47.544Z
sample_383,GEM/schema_guided_dialog,3,5,5,4.33,5,5,5,5.00,5,5,5,5.00,5,5,5,5.00,tie,2026-02-04T20:52:02.139Z
sample_366,allenai/WildChat-1M,5,5,5,5.00,5,5,5,5.00,5,5,5,5.00,5,5,5,5.00,tie,2026-02-04T20:52:19.877Z
sample_288,allenai/WildChat-1M,5,5,5,5.00,3,3,5,3.67,5,5,5,5.00,4,4,5,4.33,tie,2026-02-04T20:53:02.535Z
sample_122,allenai/WildChat-1M,2,2,5,3.00,3,3,5,3.67,5,5,5,5.00,5,5,5,5.00,tie,2026-02-04T20:53:28.852Z
sample_276,allenai/WildChat-1M,5,5,4,4.67,5,5,5,5.00,5,5,5,5.00,5,5,5,5.00,tie,2026-02-04T20:53:46.994Z
sample_396,allenai/WildChat-1M,4,4,5,4.33,5,5,5,5.00,2,2,4,2.67,5,5,5,5.00,tie,2026-02-04T20:54:14.106Z
sample_275,GEM/schema_guided_dialog,5,5,5,5.00,5,5,5,5.00,5,5,5,5.00,5,5,5,5.00,tie,2026-02-04T20:54:26.106Z
sample_19,GEM/schema_guided_dialog,5,5,5,5.00,5,5,5,5.00,5,5,5,5.00,5,5,5,5.00,tie,2026-02-04T20:54:46.823Z
sample_231,GEM/schema_guided_dialog,2,2,5,3.00,5,5,5,5.00,5,5,5,5.00,5,5,5,5.00,tie,2026-02-04T20:55:13.398Z
sample_285,GEM/schema_guided_dialog,5,5,5,5.00,5,5,5,5.00,5,5,5,5.00,5,5,5,5.00,tie,2026-02-04T20:55:28.552Z
sample_220,allenai/WildChat-1M,5,5,4,4.67,5,5,5,5.00,5,5,5,5.00,5,5,5,5.00,tie,2026-02-04T20:55:46.126Z
sample_306,allenai/WildChat-1M,5,5,5,5.00,4,5,5,4.67,5,5,5,5.00,5,5,5,5.00,tie,2026-02-04T20:56:04.838Z
sample_327,GEM/schema_guided_dialog,5,5,5,5.00,5,5,5,5.00,5,5,5,5.00,5,5,5,5.00,tie,2026-02-04T20:56:26.125Z
sample_355,GEM/schema_guided_dialog,5,5,5,5.00,5,5,5,5.00,5,5,5,5.00,5,5,5,5.00,tie,2026-02-04T20:56:49.230Z